Workbook

Sheet Dashboard
A1: FACT-AUDIT+RAG Project Tracker
A2: Deadline: 10/07/2026 | Scope: baseline FACT-AUDIT + tích hợp FACT-AUDIT+RAG + so sánh kết quả | Presentation: 20 phút + demo
A4: KPI | B4: Value | C4: Target/Meaning | E4: Status | F4: Count | H4: Demo scope khuyến nghị
A5: Total tasks | B5: =COUNTA(PhanCong!A2:A100) -> 33 | C5: Số task trong sheet PhanCong | E5: Not Started | F5: =COUNTIF(PhanCong!H:H,E5) -> 29 | H5: Baseline | I5: FACT-AUDIT gốc trên 10–30 claims, 1–2 categories
A6: Done tasks | B6: =COUNTIF(PhanCong!H:H,"Done") -> 0 | C6: Task đã Done | E6: In Progress | F6: =COUNTIF(PhanCong!H:H,E6) -> 4 | H6: Innovation | I6: FACT-AUDIT+RAG cắm trước target LLM
A7: In progress/review | B7: =COUNTIF(PhanCong!H:H,"In Progress")+COUNTIF(PhanCong!H:H,"Review") -> 4 | C7: Task đang làm hoặc chờ review | E7: Review | F7: =COUNTIF(PhanCong!H:H,E7) -> 0 | H7: Comparison | I7: Cùng claim set, cùng target model
A8: Blocked tasks | B8: =COUNTIF(PhanCong!H:H,"Blocked") -> 0 | C8: Cần xử lý ngay | E8: Blocked | F8: =COUNTIF(PhanCong!H:H,E8) -> 0 | H8: Demo live | I8: Chạy 1 claim qua baseline/RAG dưới 2 phút
A9: Overall progress | B9: =AVERAGE(PhanCong!I2:I100) -> 0.060606061 | C9: Trung bình Progress | E9: Done | F9: =COUNTIF(PhanCong!H:H,E9) -> 0 | H9: Backup | I9: Cached output + video demo 2–4 phút
A10: Days to deadline | B10: =Refs_Config!B4-TODAY() -> 23 | C10: Tính từ TODAY() đến 10/07/2026 | H10: Điểm nhấn | I10: Cải thiện verdict/justification bằng retrieved evidence
A11: Interface contract done | B11: =IF(AND(COUNTIFS(PhanCong!A:A,"C2.3b",PhanCong!H:H,"Done")>0,COUNTIFS(PhanCong!A:A,"I3.2b",PhanCong!H:H,"Done")>0),"Done","Pending") -> Pending | C11: C2.3b + I3.2b Done
A12: Baseline results ready | B12: =IF(COUNTIFS(PhanCong!A:A,"C2.4",PhanCong!H:H,"Done")>0,"Done","Pending") -> Pending | C12: C2.4 Done
A13: RAG integrated ready | B13: =IF(COUNTIFS(PhanCong!A:A,"I3.5",PhanCong!H:H,"Done")>0,"Done","Pending") -> Pending | C13: I3.5 Done
A14: Comparison ready | B14: =IF(COUNTIFS(PhanCong!A:A,"I3.6",PhanCong!H:H,"Done")>0,"Done","Pending") -> Pending | C14: I3.6 Done
A16: Owner | B16: Tasks | C16: Done | D16: In Progress/Review | E16: Blocked | F16: Avg Progress
A17: Quang Tèo - Theory/Slides | B17: =COUNTIF(PhanCong!D:D,A17) -> 0 | C17: =COUNTIFS(PhanCong!D:D,A17,PhanCong!H:H,"Done") -> 0 | D17: =COUNTIFS(PhanCong!D:D,A17,PhanCong!H:H,"In Progress")+COUNTIFS(PhanCong!D:D,A17,PhanCong!H:H,"Review") -> 0 | E17: =COUNTIFS(PhanCong!D:D,A17,PhanCong!H:H,"Blocked") -> 0 | F17: =IFERROR(AVERAGEIF(PhanCong!D:D,A17,PhanCong!I:I),0) -> 0
A18: Mr. Tô - Code/Reproduction | B18: =COUNTIF(PhanCong!D:D,A18) -> 9 | C18: =COUNTIFS(PhanCong!D:D,A18,PhanCong!H:H,"Done") -> 0 | D18: =COUNTIFS(PhanCong!D:D,A18,PhanCong!H:H,"In Progress")+COUNTIFS(PhanCong!D:D,A18,PhanCong!H:H,"Review") -> 1 | E18: =COUNTIFS(PhanCong!D:D,A18,PhanCong!H:H,"Blocked") -> 0 | F18: =IFERROR(AVERAGEIF(PhanCong!D:D,A18,PhanCong!I:I),0) -> 0.055555556
A19: Cu Ấn - FACT-AUDIT+RAG | B19: =COUNTIF(PhanCong!D:D,A19) -> 9 | C19: =COUNTIFS(PhanCong!D:D,A19,PhanCong!H:H,"Done") -> 0 | D19: =COUNTIFS(PhanCong!D:D,A19,PhanCong!H:H,"In Progress")+COUNTIFS(PhanCong!D:D,A19,PhanCong!H:H,"Review") -> 1 | E19: =COUNTIFS(PhanCong!D:D,A19,PhanCong!H:H,"Blocked") -> 0 | F19: =IFERROR(AVERAGEIF(PhanCong!D:D,A19,PhanCong!I:I),0) -> 0.055555556
A20: Cả nhóm | B20: =COUNTIF(PhanCong!D:D,A20) -> 7 | C20: =COUNTIFS(PhanCong!D:D,A20,PhanCong!H:H,"Done") -> 0 | D20: =COUNTIFS(PhanCong!D:D,A20,PhanCong!H:H,"In Progress")+COUNTIFS(PhanCong!D:D,A20,PhanCong!H:H,"Review") -> 1 | E20: =COUNTIFS(PhanCong!D:D,A20,PhanCong!H:H,"Blocked") -> 0 | F20: =IFERROR(AVERAGEIF(PhanCong!D:D,A20,PhanCong!I:I),0) -> 0.071428571
A22: Milestone snapshot
A23: ID | B23: Date | C23: Milestone | D23: Owner | E23: Status | F23: Risk
A24: M1 | B24: 46187 | C24: Chốt scope project | D24: Cả nhóm | E24: In Progress | F24: =IF(E24="Done","Done",IF(E24="Blocked","Blocked",IF(B24-TODAY()<0,"Overdue",IF(B24-TODAY()<=2,"Due soon","OK")))) -> Overdue
A25: M2 | B25: 46190 | C25: Repo chạy smoke test | D25: Mr. Tô - Code/Reproduction | E25: Not Started | F25: =IF(E25="Done","Done",IF(E25="Blocked","Blocked",IF(B25-TODAY()<0,"Overdue",IF(B25-TODAY()<=2,"Due soon","OK")))) -> Due soon
A26: M3 | B26: 46193 | C26: Hoàn tất lý thuyết paper | D26: Tèo - Theory/Slides | E26: Not Started | F26: =IF(E26="Done","Done",IF(E26="Blocked","Blocked",IF(B26-TODAY()<0,"Overdue",IF(B26-TODAY()<=2,"Due soon","OK")))) -> OK
A27: M3b | B27: 46191 | C27: Chốt interface baseline ↔ RAG | D27: Cả nhóm | E27: Not Started | F27: =IF(E27="Done","Done",IF(E27="Blocked","Blocked",IF(B27-TODAY()<0,"Overdue",IF(B27-TODAY()<=2,"Due soon","OK")))) -> Due soon
A28: M4 | B28: 46197 | C28: Baseline mini-reproduction | D28: Mr. Tô - Code/Reproduction | E28: Not Started | F28: =IF(E28="Done","Done",IF(E28="Blocked","Blocked",IF(B28-TODAY()<0,"Overdue",IF(B28-TODAY()<=2,"Due soon","OK")))) -> OK
A29: M5 | B29: 46201 | C29: FACT-AUDIT+RAG chạy với mock/baseline output | D29: Cu Ấn - FACT-AUDIT+RAG | E29: Not Started | F29: =IF(E29="Done","Done",IF(E29="Blocked","Blocked",IF(B29-TODAY()<0,"Overdue",IF(B29-TODAY()<=2,"Due soon","OK")))) -> OK
A30: M6 | B30: 46205 | C30: FACT-AUDIT+RAG tích hợp vào pipeline | D30: Cu Ấn - FACT-AUDIT+RAG | E30: Not Started | F30: =IF(E30="Done","Done",IF(E30="Blocked","Blocked",IF(B30-TODAY()<0,"Overdue",IF(B30-TODAY()<=2,"Due soon","OK")))) -> OK
A31: M7 | B31: 46208 | C31: Có comparison baseline vs RAG | D31: Cu Ấn - FACT-AUDIT+RAG | E31: Not Started | F31: =IF(E31="Done","Done",IF(E31="Blocked","Blocked",IF(B31-TODAY()<0,"Overdue",IF(B31-TODAY()<=2,"Due soon","OK")))) -> OK

Sheet PhanCong
A1: ID | B1: Workstream | C1: Task | D1: Owner | E1: Priority | F1: Start | G1: Due | H1: Status | I1: Progress | J1: Output | K1: Notes | L1: Days Left | M1: Risk
A2: T1.1 | B2: Theory | C2: Đọc paper, tóm tắt problem & motivation | D2: Tèo - Theory/Slides | E2: High | F2: 46186 | G2: 46188 | H2: In Progress | I2: =SWITCH(H2,"Done",1,"Review",0.8,"In Progress",0.5,"Blocked",0.1,0) -> 0.5 | J2: Tóm tắt 1 trang | K2: Tập trung: benchmark tĩnh, data leakage, thiếu đánh giá justification | L2: =G2-TODAY() -> -2 | M2: =IF(H2="Done","Done",IF(H2="Blocked","Blocked",IF(L2<0,"Overdue",IF(L2<=2,"Due soon","OK")))) -> Overdue
A3: T1.2 | B3: Theory | C3: Vẽ pipeline FACT-AUDIT gốc | D3: Tèo - Theory/Slides | E3: High | F3: 46187 | G3: 46189 | H3: Not Started | I3: =SWITCH(H3,"Done",1,"Review",0.8,"In Progress",0.5,"Blocked",0.1,0) -> 0 | J3: Sơ đồ pipeline gốc cho slide | K3: Prototype Emulation → Fact Verification → Adaptive Updating | L3: =G3-TODAY() -> -1 | M3: =IF(H3="Done","Done",IF(H3="Blocked","Blocked",IF(L3<0,"Overdue",IF(L3<=2,"Due soon","OK")))) -> Overdue
A4: T1.3 | B4: Theory | C4: Giải thích vai trò các agent trong FACT-AUDIT | D4: Tèo - Theory/Slides | E4: High | F4: 46188 | G4: 46190 | H4: Not Started | I4: =SWITCH(H4,"Done",1,"Review",0.8,"In Progress",0.5,"Blocked",0.1,0) -> 0 | J4: Bảng agent roles | K4: Appraiser, Inquirer, Quality Inspector, Evaluator, Prober | L4: =G4-TODAY() -> 0 | M4: =IF(H4="Done","Done",IF(H4="Blocked","Blocked",IF(L4<0,"Overdue",IF(L4<=2,"Due soon","OK")))) -> Due soon
A5: T1.4 | B5: Theory | C5: Tóm tắt metrics IMR/JFR/Grade | D5: Tèo - Theory/Slides | E5: High | F5: 46189 | G5: 46191 | H5: Not Started | I5: =SWITCH(H5,"Done",1,"Review",0.8,"In Progress",0.5,"Blocked",0.1,0) -> 0 | J5: Slide metrics + ví dụ | K5: Cần giải thích rõ verdict vs justification | L5: =G5-TODAY() -> 1 | M5: =IF(H5="Done","Done",IF(H5="Blocked","Blocked",IF(L5<0,"Overdue",IF(L5<=2,"Due soon","OK")))) -> Due soon
A6: T1.5 | B6: Theory | C6: Tóm tắt experiments gốc trong paper | D6: Tèo - Theory/Slides | E6: Medium | F6: 46190 | G6: 46194 | H6: Not Started | I6: =SWITCH(H6,"Done",1,"Review",0.8,"In Progress",0.5,"Blocked",0.1,0) -> 0 | J6: Bảng experiments paper | K6: Nhấn mạnh không tái lập full 13 LLM | L6: =G6-TODAY() -> 4 | M6: =IF(H6="Done","Done",IF(H6="Blocked","Blocked",IF(L6<0,"Overdue",IF(L6<=2,"Due soon","OK")))) -> OK
A7: T1.6 | B7: Slides | C7: Viết luận điểm vì sao thêm RAG là hợp lý | D7: Tèo - Theory/Slides | E7: High | F7: 46192 | G7: 46197 | H7: Not Started | I7: =SWITCH(H7,"Done",1,"Review",0.8,"In Progress",0.5,"Blocked",0.1,0) -> 0 | J7: Slide limitation → extension | K7: Bám future work/limitation của paper | L7: =G7-TODAY() -> 7 | M7: =IF(H7="Done","Done",IF(H7="Blocked","Blocked",IF(L7<0,"Overdue",IF(L7<=2,"Due soon","OK")))) -> OK
A8: T1.7 | B8: Slides | C8: Soạn storyline slide 1–9 | D8: Tèo - Theory/Slides | E8: High | F8: 46195 | G8: 46201 | H8: Not Started | I8: =SWITCH(H8,"Done",1,"Review",0.8,"In Progress",0.5,"Blocked",0.1,0) -> 0 | J8: Draft slides phần paper | K8: Tối đa 9 slide paper | L8: =G8-TODAY() -> 11 | M8: =IF(H8="Done","Done",IF(H8="Blocked","Blocked",IF(L8<0,"Overdue",IF(L8<=2,"Due soon","OK")))) -> OK
A9: T1.8 | B9: Slides | C9: Viết speaker notes phần lý thuyết | D9: Tèo - Theory/Slides | E9: Medium | F9: 46204 | G9: 46208 | H9: Not Started | I9: =SWITCH(H9,"Done",1,"Review",0.8,"In Progress",0.5,"Blocked",0.1,0) -> 0 | J9: Script 7 phút | K9: Cắt gọn đúng 20 phút toàn nhóm | L9: =G9-TODAY() -> 18 | M9: =IF(H9="Done","Done",IF(H9="Blocked","Blocked",IF(L9<0,"Overdue",IF(L9<=2,"Due soon","OK")))) -> OK
A10: C2.1 | B10: Code | C10: Clone repo FACT-AUDIT và tạo môi trường chạy | D10: Mr. Tô - Code/Reproduction | E10: High | F10: 46186 | G10: 46188 | H10: In Progress | I10: =SWITCH(H10,"Done",1,"Review",0.8,"In Progress",0.5,"Blocked",0.1,0) -> 0.5 | J10: Repo chạy import được | K10: Ghi rõ Python version và lỗi nếu có | L10: =G10-TODAY() -> -2 | M10: =IF(H10="Done","Done",IF(H10="Blocked","Blocked",IF(L10<0,"Overdue",IF(L10<=2,"Due soon","OK")))) -> Overdue
A11: C2.2 | B11: Code | C11: Tách API key/model path ra .env/config | D11: Mr. Tô - Code/Reproduction | E11: High | F11: 46187 | G11: 46190 | H11: Not Started | I11: =SWITCH(H11,"Done",1,"Review",0.8,"In Progress",0.5,"Blocked",0.1,0) -> 0 | J11: config.yaml + .env.example | K11: Không commit API key | L11: =G11-TODAY() -> 0 | M11: =IF(H11="Done","Done",IF(H11="Blocked","Blocked",IF(L11<0,"Overdue",IF(L11<=2,"Due soon","OK")))) -> Due soon
A12: C2.3 | B12: Code | C12: Chạy smoke test 1–3 claims | D12: Mr. Tô - Code/Reproduction | E12: High | F12: 46189 | G12: 46190 | H12: Not Started | I12: =SWITCH(H12,"Done",1,"Review",0.8,"In Progress",0.5,"Blocked",0.1,0) -> 0 | J12: smoke_test.jsonl | K12: Pipeline chạy end-to-end hoặc log lỗi rõ ràng | L12: =G12-TODAY() -> 0 | M12: =IF(H12="Done","Done",IF(H12="Blocked","Blocked",IF(L12<0,"Overdue",IF(L12<=2,"Due soon","OK")))) -> Due soon
A13: C2.3b | B13: Integration | C13: Chốt output schema baseline cho Cu Ấn | D13: Mr. Tô - Code/Reproduction | E13: High | F13: 46189 | G13: 46191 | H13: Not Started | I13: =SWITCH(H13,"Done",1,"Review",0.8,"In Progress",0.5,"Blocked",0.1,0) -> 0 | J13: schema_baseline.json | K13: Bắt buộc để Cu Ấn không bị block | L13: =G13-TODAY() -> 1 | M13: =IF(H13="Done","Done",IF(H13="Blocked","Blocked",IF(L13<0,"Overdue",IF(L13<=2,"Due soon","OK")))) -> Due soon
... A34: G4.7 | B34: Demo | C34: Tổng duyệt final | D34: Cả nhóm | E34: High | F34: 46212 | G34: 46212 | H34: Not Started | I34: =SWITCH(H34,"Done",1,"Review",0.8,"In Progress",0.5,"Blocked",0.1,0) -> 0 | J34: final rehearsal notes | K34: Dưới 20 phút, demo OK | L34: =G34-TODAY() -> 22 | M34: =IF(H34="Done","Done",IF(H34="Blocked","Blocked",IF(L34<0,"Overdue",IF(L34<=2,"Due soon","OK")))) -> OK

Sheet Milestones
A1: ID | B1: Date | C1: Milestone | D1: Owner | E1: Acceptance Criteria | F1: Status | G1: Deliverable | H1: Days Left | I1: Risk
A2: M1 | B2: 46187 | C2: Chốt scope project | D2: Cả nhóm | E2: Chọn baseline FACT-AUDIT + FACT-AUDIT+RAG, không tái lập full 13 LLM | F2: In Progress | G2: scope.md | H2: =B2-TODAY() -> -3 | I2: =IF(F2="Done","Done",IF(F2="Blocked","Blocked",IF(H2<0,"Overdue",IF(H2<=2,"Due soon","OK")))) -> Overdue
A3: M2 | B3: 46190 | C3: Repo chạy smoke test | D3: Mr. Tô - Code/Reproduction | E3: Chạy 1–3 claims end-to-end hoặc có log lỗi rõ ràng | F3: Not Started | G3: smoke_test.jsonl | H3: =B3-TODAY() -> 0 | I3: =IF(F3="Done","Done",IF(F3="Blocked","Blocked",IF(H3<0,"Overdue",IF(H3<=2,"Due soon","OK")))) -> Due soon
A4: M3 | B4: 46193 | C4: Hoàn tất lý thuyết paper | D4: Tèo - Theory/Slides | E4: Có tóm tắt method, agent roles, metrics, experiments | F4: Not Started | G4: theory_notes.md | H4: =B4-TODAY() -> 3 | I4: =IF(F4="Done","Done",IF(F4="Blocked","Blocked",IF(H4<0,"Overdue",IF(H4<=2,"Due soon","OK")))) -> OK
A5: M3b | B5: 46191 | C5: Chốt interface baseline ↔ RAG | D5: Cả nhóm | E5: Có schema JSONL để Mr. Tô và Cu Ấn code độc lập | F5: Not Started | G5: schema_baseline.json + schema_rag.json | H5: =B5-TODAY() -> 1 | I5: =IF(F5="Done","Done",IF(F5="Blocked","Blocked",IF(H5<0,"Overdue",IF(H5<=2,"Due soon","OK")))) -> Due soon
A6: M4 | B6: 46197 | C6: Baseline mini-reproduction | D6: Mr. Tô - Code/Reproduction | E6: Chạy 10–30 claims, xuất đúng schema cho extension | F6: Not Started | G6: baseline_results.jsonl + scores.csv | H6: =B6-TODAY() -> 7 | I6: =IF(F6="Done","Done",IF(F6="Blocked","Blocked",IF(H6<0,"Overdue",IF(H6<=2,"Due soon","OK")))) -> OK
A7: M5 | B7: 46201 | C7: FACT-AUDIT+RAG chạy với mock/baseline output | D7: Cu Ấn - FACT-AUDIT+RAG | E7: Retriever + augmented prompt chạy với sample/mock output | F7: Not Started | G7: retriever.py + run_rag_extension.py | H7: =B7-TODAY() -> 11 | I7: =IF(F7="Done","Done",IF(F7="Blocked","Blocked",IF(H7<0,"Overdue",IF(H7<=2,"Due soon","OK")))) -> OK
A8: M6 | B8: 46205 | C8: FACT-AUDIT+RAG tích hợp vào pipeline | D8: Cu Ấn - FACT-AUDIT+RAG | E8: Chạy cùng claim set, cùng target model với baseline | F8: Not Started | G8: rag_results.jsonl | H8: =B8-TODAY() -> 15 | I8: =IF(F8="Done","Done",IF(F8="Blocked","Blocked",IF(H8<0,"Overdue",IF(H8<=2,"Due soon","OK")))) -> OK
A9: M7 | B9: 46208 | C9: Có comparison baseline vs RAG | D9: Cu Ấn - FACT-AUDIT+RAG | E9: Có comparison.csv, chart, 3–5 case studies | F9: Not Started | G9: comparison.csv + case_studies.md | H9: =B9-TODAY() -> 18 | I9: =IF(F9="Done","Done",IF(F9="Blocked","Blocked",IF(H9<0,"Overdue",IF(H9<=2,"Due soon","OK")))) -> OK
A10: M8 | B10: 46210 | C10: Slide v1 + rehearsal lần 1 | D10: Cả nhóm | E10: Deck 15–18 slide, trình bày dưới 22 phút, demo cached/live | F10: Not Started | G10: deck_v1.pptx + rehearsal notes | H10: =B10-TODAY() -> 20 | I10: =IF(F10="Done","Done",IF(F10="Blocked","Blocked",IF(H10<0,"Overdue",IF(H10<=2,"Due soon","OK")))) -> OK
A11: M9 | B11: 46211 | C11: Video demo backup | D11: Cả nhóm | E11: Có video demo 2–4 phút, tránh rủi ro live demo | F11: Not Started | G11: demo_backup.mp4 | H11: =B11-TODAY() -> 21 | I11: =IF(F11="Done","Done",IF(F11="Blocked","Blocked",IF(H11<0,"Overdue",IF(H11<=2,"Due soon","OK")))) -> OK
A12: M10 | B12: 46212 | C12: Tổng duyệt final | D12: Cả nhóm | E12: Deck final, script final, code đóng gói, README hoàn thiện | F12: Not Started | G12: final package | H12: =B12-TODAY() -> 22 | I12: =IF(F12="Done","Done",IF(F12="Blocked","Blocked",IF(H12<0,"Overdue",IF(H12<=2,"Due soon","OK")))) -> OK
A13: M11 | B13: 46213 | C13: Báo cáo cuối kỳ | D13: Cả nhóm | E13: Trình bày 20 phút + demo + Q&A | F13: Not Started | G13: Submission | H13: =B13-TODAY() -> 23 | I13: =IF(F13="Done","Done",IF(F13="Blocked","Blocked",IF(H13<0,"Overdue",IF(H13<=2,"Due soon","OK")))) -> OK

Sheet Timeline
A1: Phase | B1: Date range | C1: Goal | D1: Tèo - Theory/Slides | E1: Mr. Tô - Code/Reproduction | F1: Cu Ấn - FACT-AUDIT+RAG | G1: Cả nhóm output
A2: Phase 1 | B2: 13/06–28/6 | C2: Nắm paper + chạy repo + chốt interface | D2: Tóm tắt paper, pipeline, agent roles | E2: Clone repo, fix config, smoke test, schema baseline | F2: Chốt FACT-AUDIT+RAG, sample claims, schema RAG | G2: Scope locked + smoke test + schema contract
C3: Baseline mini-reproduction + output schema | D3: Metrics + experiments paper + draft slide method | E3: Chạy 10–30 claims, chuẩn hóa baseline output | F3: Code retriever với mock/sample data | G3: baseline_results.jsonl + schema ổn định
C4: Tích hợp FACT-AUDIT+RAG vào pipeline baseline | D4: Draft slides pipeline gốc vs pipeline mới | E4: Demo script + cached mode | F4: Retriever + augmented prompt + run_rag_extension.py | G4: rag_results.jsonl chạy cùng test set
A5: Phase 4 | B5: 03/07–07/07 | C5: So sánh kết quả + slide + rehearsal | D5: Speaker notes lý thuyết | E5: README kỹ thuật + demo notebooks | F5: comparison.csv, charts, case studies | G5: Deck v1 + rehearsal notes
A6: Phase 5 | B6: 08/07–10/07 | C6: Đóng gói final | D6: Final script nói | E6: Final code package | F6: Final Q&A + limitations | G6: Video demo backup + báo cáo
A9: Gantt Checkpoint đơn giản
A10: Workstream | B10: 13–18/6 | C10: 19–25/6 | D10: 26/6–2/7 | E10: 3–7/7 | F10: 8–10/7
A11: Theory | B11: ████ | C11: ███ | D11: ██ | E11: ██ | F11: █
A12: Code | B12: ████ | C12: ████ | D12: ███ | E12: ██ | F12: █
A13: Integration | B13: ███ | C13: ██ | D13: ████ | E13: ███ | F13: █
A14: FACT-AUDIT+RAG | B14: ███ | C14: ███ | D14: ████ | E14: ███ | F14: █
A15: Slides/Docs | B15: █ | C15: ██ | D15: ██ | E15: ████ | F15: ██
A16: Demo/Rehearsal | C16: █ | D16: ██ | E16: ████ | F16: ███

Sheet Demo_Checklist
A1: Section | B1: Checklist Item | C1: Owner | D1: Due | E1: Status | F1: Pass Criteria | G1: Notes
A2: Setup | B2: Có .env.example và config không chứa API key thật | C2: Mr. Tô - Code/Reproduction | D2: 46190 | E2: Not Started | F2: Reviewer clone được repo mà không lộ key
A3: Setup | B3: README setup chạy được từ máy mới | C3: Mr. Tô - Code/Reproduction | D3: 46210 | E3: Not Started | F3: Có lệnh setup + run rõ ràng
A4: Interface | B4: Baseline và RAG dùng cùng schema claim_id | C4: Cả nhóm | D4: 46191 | E4: Not Started | F4: Có schema_baseline.json + schema_rag.json | G4: Mốc tránh block Cu Ấn
A5: Baseline | B5: Chạy baseline trên 10–30 claims | C5: Mr. Tô - Code/Reproduction | D5: 46197 | E5: Not Started | F5: Có baseline_results.jsonl
A6: Baseline | B6: Có bảng score summary baseline | C6: Mr. Tô - Code/Reproduction | D6: 46201 | E6: Not Started | F6: Có scores.csv
A7: Integration | B7: Baseline và RAG dùng cùng claim set | C7: Mr. Tô - Code/Reproduction + Cu Ấn - FACT-AUDIT+RAG | D7: 46205 | E7: Not Started | F7: Cùng claim_id, cùng target model | G7: Bắt buộc để so sánh công bằng
A8: Integration | B8: RAG được cắm trước target LLM | C8: Cu Ấn - FACT-AUDIT+RAG | D8: 46202 | E8: Not Started | F8: Augmented prompt có claim + top-k evidence | G8: Không làm extension rời
A9: Extension | B9: Retriever lấy được evidence cho mỗi claim | C9: Cu Ấn - FACT-AUDIT+RAG | D9: 46201 | E9: Not Started | F9: Có evidence text + source trong JSONL
A10: Extension | B10: Target LLM trả lời dựa trên evidence | C10: Cu Ấn - FACT-AUDIT+RAG | D10: 46205 | E10: Not Started | F10: Có rag_verdict + rag_justification
A11: Evaluation | B11: Có so sánh baseline vs FACT-AUDIT+RAG | C11: Cu Ấn - FACT-AUDIT+RAG | D11: 46208 | E11: Not Started | F11: Có comparison.csv hoặc chart | G11: Metric: IMR/JFR/Grade/Avg score
A12: Evaluation | B12: Có ít nhất 3 case before/after | C12: Cu Ấn - FACT-AUDIT+RAG | D12: 46209 | E12: Not Started | F12: Mỗi case có claim/evidence/baseline/RAG/analysis
A13: Vietnamese | B13: Có ít nhất 10 claim tiếng Việt hoặc claim Việt Nam | C13: Cu Ấn - FACT-AUDIT+RAG | D13: 46206 | E13: Not Started | F13: Có sample_claims_vi.jsonl | G13: Tùy chọn nếu kịp
A14: Slides | B14: Có sơ đồ pipeline gốc và pipeline FACT-AUDIT+RAG | C14: Tèo - Theory/Slides | D14: 46210 | E14: Not Started | F14: 2 sơ đồ dễ hiểu trong deck
A15: Demo | B15: Live demo 1 claim chạy dưới 2 phút | C15: Mr. Tô - Code/Reproduction | D15: 46210 | E15: Not Started | F15: Không vượt thời gian
A16: Demo | B16: Cached demo hoạt động khi API/GPU lỗi | C16: Mr. Tô - Code/Reproduction | D16: 46210 | E16: Not Started | F16: Có flag --use-cache
A17: Demo | B17: Video backup 2–4 phút | C17: Cả nhóm | D17: 46211 | E17: Not Started | F17: File video mở được
A18: Rehearsal | B18: Rehearsal lần 1 dưới 22 phút | C18: Cả nhóm | D18: 46210 | E18: Not Started | F18: Có notes cần sửa
A19: Rehearsal | B19: Tổng duyệt dưới 20 phút | C19: Cả nhóm | D19: 46212 | E19: Not Started | F19: Deck final + demo OK
A20: Submission | B20: Repo final có README, outputs mẫu, slides | C20: Cả nhóm | D20: 46212 | E20: Not Started | F20: Zip/GitHub release đầy đủ

Sheet Refs_Config
A1: Config / Reference | B1: Value | C1: Notes | E1: Owner list | F1: Status list | G1: Priority list | H1: Workstream list
A2: Project | B2: FACT-AUDIT+RAG: Evidence-Augmented Adaptive Fact-Checking Audit | C2: Extension được tích hợp vào pipeline baseline | E2: Tèo - Theory/Slides | F2: Not Started | G2: High | H2: Theory
A3: Course | B3: Các mô hình ngôn ngữ lớn và ứng dụng - IT2040.CH201 | E3: Mr. Tô - Code/Reproduction | F3: In Progress | G3: Medium | H3: Code
A4: Deadline | B4: 46213 | C4: Ngày báo cáo cuối kỳ | E4: Cu Ấn - FACT-AUDIT+RAG | F4: Review | G4: Low | H4: Integration
A5: Presentation length | B5: 20 phút / nhóm | C5: Có slide + demo | E5: Cả nhóm | F5: Blocked | H5: Innovation
A6: Recommended scope | B6: Baseline FACT-AUDIT + FACT-AUDIT+RAG integrated comparison | C6: Không tái lập full 13 LLM | F6: Done | H6: Evaluation
A7: Experiment settings | B7: Same claim set, same target model, compare baseline vs RAG-augmented pipeline | C7: Công bằng khi so sánh | H7: Slides
A8: Baseline output | B8: baseline_results.jsonl | C8: claim_id, claim, baseline_verdict, baseline_justification, baseline_score | H8: Demo
A9: RAG output | B9: rag_results.jsonl | C9: claim_id, claim, retrieved_evidence, rag_verdict, rag_justification, rag_score | H9: Docs
A10: Comparison output | B10: comparison.csv | C10: baseline_score vs rag_score, IMR/JFR/Grade | H10: Management
A11: Source - arXiv | B11: https://arxiv.org/abs/2502.17924 | C11: Paper
A12: Source - ACL Anthology | B12: https://aclanthology.org/2025.acl-long.17/ | C12: Proceedings version
A13: Source - GitHub repo | B13: https://github.com/DanielLin97/FACT-AUDIT | C13: Official source code
A14: Source - README | B14: https://github.com/DanielLin97/FACT-AUDIT/blob/main/README.md | C14: Setup/run instructions
A15: Source - requirements | B15: https://github.com/DanielLin97/FACT-AUDIT/blob/main/requirements.txt | C15: Python dependencies
A16: Source - fact-audit.py | B16: https://raw.githubusercontent.com/DanielLin97/FACT-AUDIT/main/scripts/fact-audit.py | C16: Main script
A17: Source - fact-audit.sh | B17: https://raw.githubusercontent.com/DanielLin97/FACT-AUDIT/main/scripts/fact-audit.sh | C17: Default shell runner
